lsoa_code,e_i,D_A,IMD_i,london_income_decile,scenario,alpha,p,x_j,z_i,dbar_i_served
E01002537,0,146.8840909090909,0.106,9,A,0.0,5000,11.0,0.013891553,0.0
E01004114,0,147.13538961038958,0.033,10,A,0.0,5000,11.0,0.015575769,0.0
E01000667,0,141.98376623376618,0.045,10,A,0.0,5000,10.0,0.072597929,0.0
E01001422,0,144.24545454545452,0.034,10,A,0.0,5000,10.0,0.087139076,0.0
E01001445,0,132.68571428571428,0.493,1,A,0.0,5000,10.0,0.0076095263,0.0
E01002225,0,133.5652597402597,0.089,9,A,0.0,5000,10.0,0.014144553,0.0
E01002228,0,140.6016233766234,0.226,6,A,0.0,5000,10.0,0.063481376,0.0
E01002270,0,133.313961038961,0.089,9,A,0.0,5000,10.0,0.012286202,0.0
E01002512,0,142.36071428571424,0.142,8,A,0.0,5000,10.0,0.075053539,0.0
E01000279,0,118.73863636363632,0.038,10,A,0.0,5000,9.0,0.0019387236,0.0
E01000830,0,123.01071428571429,0.023,10,A,0.0,5000,9.0,0.036600709,0.0
E01001068,0,123.638961038961,0.191,7,A,0.0,5000,9.0,0.04149603,0.0
E01001071,0,124.51850649350646,0.154,8,A,0.0,5000,9.0,0.048266492,0.0
E01001072,0,121.25162337662336,0.055,10,A,0.0,5000,9.0,0.022623931,0.0
E01001094,0,125.775,0.065,10,A,0.0,5000,9.0,0.057774319,0.0
E01001107,0,120.12077922077918,0.089,9,A,0.0,5000,9.0,0.013422692,0.0
E01001108,0,125.90064935064932,0.04,10,A,0.0,5000,9.0,0.058714664,0.0
E01001173,1,142.48636363636362,0.329,4,A,0.0,5000,9.0,0.075869189,0.0
E01001471,0,121.125974025974,0.21,7,A,0.0,5000,9.0,0.021610056,0.0
E01001475,0,124.39285714285712,0.074,10,A,0.0,5000,9.0,0.047305145,0.0
E01000694,0,154.29740259740254,0.072,10,B,0.1,5000,11.0,0.06798027,0.0
E01001417,0,144.37110389610385,0.056,10,B,0.1,5000,11.0,0.0023139572,0.0
E01002226,0,144.24545454545455,0.225,6,B,0.1,5000,11.0,0.017949129,0.0
E01002537,0,146.8840909090909,0.106,9,B,0.1,5000,11.0,0.024234666,0.0
E01000650,0,131.0522727272727,0.114,9,B,0.1,5000,10.0,0.0065654793,0.0
E01000749,0,130.92662337662335,0.098,9,B,0.1,5000,10.0,0.0040365073,0.0
E01001173,1,142.48636363636362,0.329,4,B,0.1,5000,10.0,0.015835132,0.0
E01001445,0,132.68571428571428,0.493,1,B,0.1,5000,10.0,0.054235706,0.0
E01002225,0,133.5652597402597,0.089,9,B,0.1,5000,10.0,0.022841266,0.0
E01002228,0,140.6016233766234,0.226,6,B,0.1,5000,10.0,0.084178932,0.0
E01002276,0,129.41883116883116,0.314,4,B,0.1,5000,10.0,0.013533928,0.0
E01002512,0,142.36071428571424,0.142,8,B,0.1,5000,10.0,0.088003884,0.0
E01002559,0,128.66493506493504,0.363,3,B,0.1,5000,10.0,0.012445551,0.0
E01004108,0,138.08863636363634,0.111,9,B,0.1,5000,10.0,0.056906608,0.0
E01000668,0,121.6285714285714,0.135,8,B,0.1,5000,9.0,0.038631465,0.0
E01001018,0,123.26201298701294,0.058,10,B,0.1,5000,9.0,0.044108993,0.0
E01001068,0,123.638961038961,0.191,7,B,0.1,5000,9.0,0.059460338,0.0
E01001071,0,124.51850649350646,0.154,8,B,0.1,5000,9.0,0.062700898,0.0
E01001072,0,121.25162337662336,0.055,10,B,0.1,5000,9.0,0.027970096,0.0
E01001094,0,125.775,0.065,10,B,0.1,5000,9.0,0.063859234,0.0
E01002433,0,150.150974025974,0.197,7,C,0.3,5000,12.0,0.006374159,0.0
E01000649,0,147.3866883116883,0.083,10,C,0.3,5000,11.0,0.041130102,0.0
E01001417,0,144.37110389610385,0.056,10,C,0.3,5000,11.0,0.013303418,0.0
E01001422,0,144.24545454545452,0.034,10,C,0.3,5000,11.0,0.0059918671,0.0
E01001445,0,132.68571428571428,0.493,1,C,0.3,5000,11.0,0.049020367,0.0
E01002512,0,142.36071428571424,0.142,8,C,0.3,5000,11.0,0.024130916,0.0
E01002537,0,146.8840909090909,0.106,9,C,0.3,5000,11.0,0.044283343,0.0
E01000749,0,130.92662337662335,0.098,9,C,0.3,5000,10.0,0.022999869,0.0
E01001173,1,142.48636363636362,0.329,4,C,0.3,5000,10.0,0.074775742,0.0
E01001474,1,138.48195024294102,0.172,8,C,0.3,5000,10.0,0.0053834303,0.0
E01002225,0,133.5652597402597,0.089,9,C,0.3,5000,10.0,0.039782364,0.0
E01002269,0,131.3035714285714,0.11,9,C,0.3,5000,10.0,0.02919972,0.0
E01002322,0,130.67532467532462,0.125,9,C,0.3,5000,10.0,0.028763355,0.0
E01002368,0,119.3668831168831,0.417,2,C,0.3,5000,10.0,0.019535723,0.0
E01002559,0,128.66493506493504,0.363,3,C,0.3,5000,10.0,0.077101023,0.0
E01003737,0,129.67012987012984,0.153,8,C,0.3,5000,10.0,0.029095208,0.0
E01000260,0,118.3616883116883,0.271,5,C,0.3,5000,9.0,0.074040677,0.0
E01000375,0,119.11558441558438,0.206,7,C,0.3,5000,9.0,0.063003527,0.0
E01000696,0,123.76461038961038,0.034,10,C,0.3,5000,9.0,0.05213733,0.0
E01000713,0,117.35649350649348,0.085,9,C,0.3,5000,9.0,0.015294251,0.0
E01002948,0,144.37110389610385,0.2,7,D,0.5,5000,12.0,0.0050184285,0.0
E01000253,1,155.9290172957251,0.052,10,D,0.5,5000,11.0,0.012325828,0.0
E01001173,1,142.48636363636362,0.329,4,D,0.5,5000,11.0,0.047696888,0.0
E01001422,0,144.24545454545452,0.034,10,D,0.5,5000,11.0,0.012638136,0.0
E01002228,0,140.6016233766234,0.226,6,D,0.5,5000,11.0,0.074420048,0.0
E01002276,0,129.41883116883116,0.314,4,D,0.5,5000,11.0,0.032683476,0.0
E01004108,0,138.08863636363634,0.111,9,D,0.5,5000,11.0,0.0062360001,0.0
E01000099,0,121.125974025974,0.343,4,D,0.5,5000,10.0,0.07204444,0.0
E01000650,0,131.0522727272727,0.114,9,D,0.5,5000,10.0,0.049423203,0.0
E01001068,0,123.638961038961,0.191,7,D,0.5,5000,10.0,0.027837142,0.0
E01001071,0,124.51850649350646,0.154,8,D,0.5,5000,10.0,0.018122864,0.0
E01001412,0,117.6077922077922,0.299,5,D,0.5,5000,10.0,0.025993892,0.0
E01002225,0,133.5652597402597,0.089,9,D,0.5,5000,10.0,0.056146054,0.0
E01002307,0,117.85909090909088,0.28,5,D,0.5,5000,10.0,0.019971253,0.0
E01002369,0,120.74902597402594,0.237,6,D,0.5,5000,10.0,0.025039258,0.0
E01002380,0,124.51850649350646,0.284,5,D,0.5,5000,10.0,0.074009041,0.0
E01002386,0,122.88506493506492,0.157,8,D,0.5,5000,10.0,0.0064550949,0.0
E01002555,0,118.612987012987,0.234,6,D,0.5,5000,10.0,0.0061488663,0.0
E01002590,0,110.9483766233766,0.397,2,D,0.5,5000,10.0,0.0097433606,0.0
E01000030,0,99.5142857142857,0.419,2,D,0.5,5000,9.0,0.015404243,0.0
